<?xml version="1.0" encoding="UTF-8"?>
<openDaApplication xmlns:xsi="http://www.w3.org/2001/XMLSchema-instance" xmlns="http://www.openda.org" xsi:schemaLocation="http://www.openda.org http://schemas.openda.org/openDaApplication.xsd">
	<stochObserver className="org.openda.observers.IoObjectStochObserver">
		<workingDirectory>./stochObserver</workingDirectory>
		<configFile>swanStochObsConfig.xml</configFile>
	</stochObserver>
	<stochModelFactory className="org.openda.model_swan.SwanCalibStochModelFactory">
		<workingDirectory>./stochModel/config</workingDirectory>
		<configFile>swanStochModelConfig.xml</configFile>
	</stochModelFactory>
	<algorithm className="org.openda.algorithms.ALGORITHM">
		<workingDirectory>./algorithm</workingDirectory>
		<configString>CONFIG.xml</configString>
	</algorithm>
	<resultWriters>
		<resultWriter className="org.openda.resultwriters.MatlabResultWriter">
			<workingDirectory>.</workingDirectory>
			<configFile>results_CONFIG.m</configFile>
		</resultWriter>
	</resultWriters>
</openDaApplication>
