<?xml version="1.0" encoding="UTF-8"?>
<blackBoxModelConfig xmlns="http://www.openda.org"
	xmlns:xsi="http://www.w3.org/2001/XMLSchema-instance"
	xsi:schemaLocation="http://www.openda.org http://schemas.openda.org/blackBoxModelConfig.xsd">

	<!-- Specify wrapper configuration for which this model is defined -->
	<wrapperConfig>
		<file>polluteWrapper.xml</file>
	</wrapperConfig>

	<!-- Specify wrapper configuration for which this model is defined -->
	<aliasValues>
		<alias key="templateDir" value="input" />
		<alias key="instanceDir" value="output/work" />
		<alias key="binDir" value="bin" />
		<alias key="inputFile" value="reactive_pollution_model.input" />
		<alias key="outputFile" value="reactive_pollution_model.output" />
	</aliasValues>

    <!--  <timeInfoExchangeItems start="" end="" /> -->
    <!-- <timeInfo start="1999-12-01T01:00:00" end="1999-12-01T02:00:00" timeStepInSeconds="120"/> -->
    <timeInfoExchangeItems start="startTime" end="endTime"/>

	<exchangeItems>
		<vector id="source.factory1.discharge" ioObjectId="input" elementId="source.c1_factory1.discharge" />
		<vector id="source.factory2.discharge" ioObjectId="input" elementId="source.c1_factory2.discharge" />
		<vector id="bound.left.concentration1" ioObjectId="input" elementId="bound.c1_left.concentration" />
		<vector id="bound.right.concentration1" ioObjectId="input" elementId="bound.c1_right.concentration" />
		<vector id="bound.left.concentration2" ioObjectId="input" elementId="bound.c2_left.concentration" />
		<vector id="bound.right.concentration2" ioObjectId="input" elementId="bound.c2_right.concentration" />
		<vector id="concentration1.grid_init" ioObjectId="input" elementId="concentration1.grid" />
		<vector id="concentration2.grid_init" ioObjectId="input" elementId="concentration2.grid" />

		<vector id="startTime" ioObjectId="input" elementId="startTime" />
		<vector id="endTime" ioObjectId="input" elementId="endTime" />

		<vector id="locA.concentration1" ioObjectId="output" elementId="output.c1_locA.concentration" />
		<vector id="locB.concentration1" ioObjectId="output" elementId="output.c1_locB.concentration" />
		<vector id="locC.concentration1" ioObjectId="output" elementId="output.c1_locC.concentration" />
		<vector id="locA.concentration2" ioObjectId="output" elementId="output.c2_locA.concentration" />
		<vector id="locB.concentration2" ioObjectId="output" elementId="output.c2_locB.concentration" />
		<vector id="locC.concentration2" ioObjectId="output" elementId="output.c2_locC.concentration" />
		<vector id="concentration1.grid_out" ioObjectId="output" elementId="concentration1.grid" />
		<vector id="concentration2.grid_out" ioObjectId="output" elementId="concentration2.grid" />
	</exchangeItems>

	<doCleanUp>false</doCleanUp>

</blackBoxModelConfig>
