<?xml version="1.0" encoding="UTF-8"?>
<blackBoxWrapperConfig xmlns="http://www.openda.org"
	xmlns:xsi="http://www.w3.org/2001/XMLSchema-instance"
	xsi:schemaLocation="http://www.openda.org http://schemas.openda.org/blackBoxWrapperConfig.xsd">

	<aliasDefinitions defaultKeyPrefix="%" defaultKeySuffix="%">
		<alias key="binDir" />
		<alias key="templateDir" />
		<alias key="instanceDir" />
		<alias key="outputFile" />
		<alias key="inputFile" />
	</aliasDefinitions>

	<run>

		<!--
			for each model instance, the template directory will be cloned to
			create the instance directory
		-->
		<initializeActionsUsingDirClone
			instanceDir="%instanceDir%%instanceNumber%" templateDir="%templateDir%" />

		<computeActions>
			<action linuxExe="%binDir%/reactive_pollution_model.py" windowsExe="%binDir%/reactive_pollution_model.exe" workingDirectory="%instanceDir%">
				<arg>%inputFile%</arg>
				<!--
					<checkOutput file="%outputFile%" expect="Finished Succesfully"/>
				-->
				<checkOutput file="%outputFile%" /> <!-- should exist -->
			</action>
			<!-- WHEN YOU DO THE ORIGINAL EXCERCISE <action className="org.openda.mywrapper.myCopier" > -->
			<action className="org.openda.model_reactive_advection.myCopier" >
				<arg>%outputFile%</arg>
				<arg>%inputFile%</arg>
			</action>
			<!-- <action linuxExe="%binDir%/save.sh" windowsExe="save.bat" workingDirectory="%instanceDir%">
				<arg>after_copy</arg>
			</action> -->
		</computeActions>

		<additionalComputeActions></additionalComputeActions>

		<finalizeActions></finalizeActions>

	</run>


	<inputOutput>
		<ioObject className="org.openda.model_reactive_advection.myWrapper">
			<file>%inputFile%</file>
			<id>input</id>
			<arg></arg>
		</ioObject>

		<ioObject className="org.openda.model_reactive_advection.myWrapper">
			<file>%outputFile%</file>
			<id>output</id>
		</ioObject>
	</inputOutput>

</blackBoxWrapperConfig>
