<?xml version="1.0" encoding="UTF-8"?>
<ioObjectStochObserver xmlns="http://www.openda.org" xsi:schemaLocation="http://www.openda.org http://schemas.openda.org/openDaStochObserver.xsd" xmlns:xsi="http://www.w3.org/2001/XMLSchema-instance">
	<uncertaintyModule workingDirectory="." className="org.openda.uncertainties.UncertaintyEngine">
		<arg>stochObsUncertainties.xml</arg>
	</uncertaintyModule>
	<ioObject workingDirectory="." className="org.openda.model_swan.SwanResults">
		<fileName>OBSERVATIONFILE</fileName>
	</ioObject>
</ioObjectStochObserver>
