<?xml version="1.0" encoding="UTF-8"?>
<noosObserver xmlns:xsi="http://www.w3.org/2001/XMLSchema-instance">
	<!-- 1st series uses header lines for meta data
	contents of this file look like:
	#======================================================
	# Timeseries retrieved from the MATROOS series database
	# Created at Mon Mar 17 10:37:38 CET 2008
	#======================================================
	# Location    : aberdeen
	# Position    : (-2.045543,57.361939)
	# Source      : observed
	# Unit        : waterlevel_astro
	# Analyse time: most recent
	# Timezone    : GMT
	#======================================================
	200801010000   -0.8300
	200801010010   -0.8800
	200801010020   -0.9100
        ...
	<timeSeries status="use" standardDeviation="0.05" quantity="waterlevel"  location="STAT-WL1">
		stat_waterlevel.goot
	</timeSeries>
	-->

	<timeSeries id="locA.concentration1" status="use" standardDeviation="2.0">
		output.c1_locA.concentration.noos
	</timeSeries>
	<timeSeries id="locB.concentration1" status="use" standardDeviation="2.0">
		output.c1_locB.concentration.noos
	</timeSeries>
	<timeSeries id="locC.concentration1" status="use" standardDeviation="2.0">
		output.c1_locC.concentration.noos
	</timeSeries>

	<timeSeries id="locA.concentration2" status="use" standardDeviation="2.0">
		output.c2_locA.concentration.noos
	</timeSeries>
	<timeSeries id="locB.concentration2" status="use" standardDeviation="2.0">
		output.c2_locB.concentration.noos
	</timeSeries>
	<timeSeries id="locC.concentration2" status="use" standardDeviation="2.0">
		output.c2_locC.concentration.noos
	</timeSeries>
</noosObserver>
