WCAP.cds2 ,1.70E-06,FALSE
WCAP.powst	,0.2,FALSE
WCAP.powk ,0.5,FALSE
WCAP1.cds2 	,0.2,TRUE
WCAP1.br		,0.2,TRUE
WCAP1.p0,0.2,TRUE
WCAP1.powst,0.2,FALSE
WCAP1.powk,0.5,FALSE
WCAP1.cds3,0.5,FALSE
QUAD.Cnl4,2.50E+06,FALSE
QUAD.lambda,0.025,FALSE
QUAD.ursell,0.2,TRUE
QUAD.qb,0.2,TRUE
BREA.gamma,0.15,FALSE
BREA1.alpha,0.1,TRUE
BREA1.pown,0.2,TRUE
BREA1.bref,0.3,TRUE
TRIAD.trfac,0.0125,FALSE
TRIAD.cutfr,1,FALSE
FRIC.cfjon,0.03,FALSE
NUMREFRL.frlim,0.2,TRUE
NUMREFRL.power,0.2,TRUE
