<?xml version="1.0" encoding="UTF-8"?>
<EnkfConfig xmlns="http://www.openda.org" xmlns:xsi="http://www.w3.org/2001/XMLSchema-instance" xsi:schemaLocation="http://www.openda.org http://schemas.openda.org/algorithm/enkf.xsd">
	<analysisTimes type="fromObservationTimes"/>
	<!-- selection to add noise to a model. This should probably be false unless you are generating data for a
	twin-experpiment -->
	<mainModel stochParameter="false" stochForcing="false" stochInit="false"/>
	<ensembleSize>20</ensembleSize>
	<!-- selection to add noise to the ensemble members.
	This should probably be true unless your model has difficulty with the changes of parameters, initial state
	or the forcing -->
	<ensembleModel stochParameter="false" stochForcing="true" stochInit="false"/>
	<saveGain>
		<times type="fixed" timeFormat="mjd" >1500.0,3000.0,4500.0,6000.0</times>
		<file dirPrefix="../enkf_gain_" fileName="enkf_pollute_gain.xml" fileType="xml" />
	</saveGain>
</EnkfConfig>
