<?xml version="1.0" encoding="UTF-8"?>
<sequentialAlgorithm>
	<analysisTimes type="fromObservationTimes" ></analysisTimes> 
	<!-- default <analysisTimes type="fromObservationTimes" ></analysisTimes> 
		<analysisTimes type="fixed" timeFormat="dateTimeString" >201008241130,201008241140,...,201008242350</analysisTimes> 
		<analysisTimes type="fixed" >201008240000,201008240300,201008240600</analysisTimes> 
		<analysisTimes type="fixed" timeFormat="mjd" >48259.0,48259.125,48259.25</analysisTimes> -->
	<!-- selection to add noise to a model. This should probably be false unless you are generating data for a 
	twin-experpiment -->
	<mainModel stochParameter="false" stochForcing="false" stochInit="false" />
</sequentialAlgorithm>
