<?xml version="1.0" encoding="UTF-8"?>
<blackBoxStochModel xmlns="http://www.openda.org"
	xmlns:xsi="http://www.w3.org/2001/XMLSchema-instance"
	xsi:schemaLocation="http://www.openda.org http://schemas.openda.org/blackBoxStochModelConfig.xsd">

	<modelConfig>
		<file>./polluteModel.xml</file>
	</modelConfig>

	<vectorSpecification>
		<parameters>
			<regularisationConstant>
				<stdDev value="100.0" transformation="identity" />
				<vector id="reaction_time"/>
			</regularisationConstant>
		</parameters>
		<predictor>
			<vector id="locC.concentration1" />
			<vector id="locC.concentration2" />
		</predictor>
	</vectorSpecification>


</blackBoxStochModel>
