<?xml version="1.0" encoding="UTF-8"?>
<blackBoxStochModel xmlns="http://www.openda.org"
	xmlns:xsi="http://www.w3.org/2001/XMLSchema-instance"
	xsi:schemaLocation="http://www.openda.org http://schemas.openda.org/blackBoxStochModelConfig.xsd">

	<modelConfig>
		<file>./polluteModel.xml</file>
	</modelConfig>

	<vectorSpecification>
		<state>
  			<vector id="concentration1.grid" />
  			<vector id="concentration2.grid" />
			<!--			<noiseModel id="boundaryNoiseModel1" className="org.openda.noiseModels.TimeSeriesNoiseModelFactory" workingDirectory=".">
               			<configFile>BoundaryNoise1.xml</configFile>
               			<exchangeItems>
                  			<exchangeItem id="source.factory1.discharge" operation="add">
                     				<modelExchangeItem id="source.factory1.discharge"/>
                  			</exchangeItem>
               			</exchangeItems>
			</noiseModel> -->
			<noiseModel id="boundaryNoiseModel2" className="org.openda.noiseModels.TimeSeriesNoiseModelFactory" workingDirectory=".">
               			<configFile>BoundaryNoise2.xml</configFile>
               			<exchangeItems>
                  			<exchangeItem id="source.factory2.discharge" operation="add">
                     				<modelExchangeItem id="source.factory2.discharge"/>
                  			</exchangeItem>
               			</exchangeItems>
			</noiseModel> 
		</state>
		<predictor>
			<vector id="locA.concentration1" />
			<vector id="locB.concentration1" />
			<vector id="locC.concentration1" />
			<vector id="locA.concentration2" />
			<vector id="locB.concentration2" />
			<vector id="locC.concentration2" />
		</predictor>
	</vectorSpecification>


</blackBoxStochModel>
